{"homography": [[-0.005099179032175795, 0.2167151088674724, 200.40538473305787], [0.21703380755698326, -1.004988734417775e-17, -200.53923818265255], [-1.2747947580439485e-05, -2.8185627432311286e-19, 1.0]], "notes": "Lab 5 Integrated System Calibration", "image_size": [1920, 1080]}