{"homography": [[-0.017625820810317844, 0.21571509077220388, 229.5272866669446], [0.2089754853413816, -0.0009165591462341206, -201.34971324471366], [-5.564279965465467e-05, 1.9314617132938023e-05, 1.0]], "notes": "Lab 5 Integrated System Calibration", "image_size": [1920, 1080]}